{
    "name": "root",
    "gauges": {
        "GridFoodCollector.Policy.Entropy.mean": {
            "value": 2.0436277389526367,
            "min": 2.0401108264923096,
            "max": 2.0436277389526367,
            "count": 2
        },
        "GridFoodCollector.Policy.Entropy.sum": {
            "value": 20436.27734375,
            "min": 7834.025390625,
            "max": 20436.27734375,
            "count": 2
        },
        "GridFoodCollector.Step.mean": {
            "value": 2089984.0,
            "min": 2079984.0,
            "max": 2089984.0,
            "count": 2
        },
        "GridFoodCollector.Step.sum": {
            "value": 2089984.0,
            "min": 2079984.0,
            "max": 2089984.0,
            "count": 2
        },
        "GridFoodCollector.Policy.ExtrinsicValueEstimate.mean": {
            "value": 18.96510124206543,
            "min": 18.96510124206543,
            "max": 19.741853713989258,
            "count": 2
        },
        "GridFoodCollector.Policy.ExtrinsicValueEstimate.sum": {
            "value": 3034.416259765625,
            "min": 1105.5438232421875,
            "max": 3034.416259765625,
            "count": 2
        },
        "GridFoodCollector.TotalScore.mean": {
            "value": 0.0,
            "min": 0.0,
            "max": 0.0,
            "count": 2
        },
        "GridFoodCollector.TotalScore.sum": {
            "value": 0.0,
            "min": 0.0,
            "max": 0.0,
            "count": 2
        },
        "GridFoodCollector.IsTraining.mean": {
            "value": 1.0,
            "min": 1.0,
            "max": 1.0,
            "count": 2
        },
        "GridFoodCollector.IsTraining.sum": {
            "value": 1.0,
            "min": 1.0,
            "max": 1.0,
            "count": 2
        },
        "GridFoodCollector.Environment.EpisodeLength.mean": {
            "value": 999.0,
            "min": 999.0,
            "max": 999.0,
            "count": 1
        },
        "GridFoodCollector.Environment.EpisodeLength.sum": {
            "value": 9990.0,
            "min": 9990.0,
            "max": 9990.0,
            "count": 1
        },
        "GridFoodCollector.Environment.CumulativeReward.mean": {
            "value": 1.3599999859929084,
            "min": 1.3599999859929084,
            "max": 1.3599999859929084,
            "count": 1
        },
        "GridFoodCollector.Environment.CumulativeReward.sum": {
            "value": 13.599999859929085,
            "min": 13.599999859929085,
            "max": 13.599999859929085,
            "count": 1
        },
        "GridFoodCollector.Policy.ExtrinsicReward.mean": {
            "value": 1.3599999859929084,
            "min": 1.3599999859929084,
            "max": 1.3599999859929084,
            "count": 1
        },
        "GridFoodCollector.Policy.ExtrinsicReward.sum": {
            "value": 13.599999859929085,
            "min": 13.599999859929085,
            "max": 13.599999859929085,
            "count": 1
        },
        "GridFoodCollector.Losses.PolicyLoss.mean": {
            "value": 0.02148135763903459,
            "min": 0.02148135763903459,
            "max": 0.02148135763903459,
            "count": 1
        },
        "GridFoodCollector.Losses.PolicyLoss.sum": {
            "value": 0.02148135763903459,
            "min": 0.02148135763903459,
            "max": 0.02148135763903459,
            "count": 1
        },
        "GridFoodCollector.Losses.ValueLoss.mean": {
            "value": 2.2679638266563416,
            "min": 2.2679638266563416,
            "max": 2.2679638266563416,
            "count": 1
        },
        "GridFoodCollector.Losses.ValueLoss.sum": {
            "value": 2.2679638266563416,
            "min": 2.2679638266563416,
            "max": 2.2679638266563416,
            "count": 1
        },
        "GridFoodCollector.Policy.LearningRate.mean": {
            "value": 0.000143472052176,
            "min": 0.000143472052176,
            "max": 0.000143472052176,
            "count": 1
        },
        "GridFoodCollector.Policy.LearningRate.sum": {
            "value": 0.000143472052176,
            "min": 0.000143472052176,
            "max": 0.000143472052176,
            "count": 1
        },
        "GridFoodCollector.Policy.Epsilon.mean": {
            "value": 0.147824,
            "min": 0.147824,
            "max": 0.147824,
            "count": 1
        },
        "GridFoodCollector.Policy.Epsilon.sum": {
            "value": 0.147824,
            "min": 0.147824,
            "max": 0.147824,
            "count": 1
        },
        "GridFoodCollector.Policy.Beta.mean": {
            "value": 0.0023964176000000007,
            "min": 0.0023964176000000007,
            "max": 0.0023964176000000007,
            "count": 1
        },
        "GridFoodCollector.Policy.Beta.sum": {
            "value": 0.0023964176000000007,
            "min": 0.0023964176000000007,
            "max": 0.0023964176000000007,
            "count": 1
        }
    },
    "metadata": {
        "timer_format_version": "0.1.0",
        "start_time_seconds": "1740441087",
        "python_version": "3.10.12 | packaged by conda-forge | (main, Jun 23 2023, 22:34:57) [MSC v.1936 64 bit (AMD64)]",
        "command_line_arguments": "C:\\Users\\QTM\\miniforge3\\envs\\mlagents\\Scripts\\mlagents-learn config/ppo/FoodCollector.yaml --run-id=FoodCollectorUno --resume",
        "mlagents_version": "1.1.0",
        "mlagents_envs_version": "1.1.0",
        "communication_protocol_version": "1.5.0",
        "pytorch_version": "2.2.2+cu121",
        "numpy_version": "1.23.5",
        "end_time_seconds": "1740441150"
    },
    "total": 63.109341600036714,
    "count": 1,
    "self": 0.0048596999840810895,
    "children": {
        "run_training.setup": {
            "total": 0.07146610005293041,
            "count": 1,
            "self": 0.07146610005293041
        },
        "TrainerController.start_learning": {
            "total": 63.0330157999997,
            "count": 1,
            "self": 0.02250409941188991,
            "children": {
                "TrainerController._reset_env": {
                    "total": 13.618389700015541,
                    "count": 1,
                    "self": 13.618389700015541
                },
                "TrainerController.advance": {
                    "total": 49.25239130057162,
                    "count": 1673,
                    "self": 0.023968102177605033,
                    "children": {
                        "env_step": {
                            "total": 45.571604898083024,
                            "count": 1673,
                            "self": 36.886218597821426,
                            "children": {
                                "SubprocessEnvManager._take_step": {
                                    "total": 8.665111800015438,
                                    "count": 1673,
                                    "self": 0.07093009952222928,
                                    "children": {
                                        "TorchPolicy.evaluate": {
                                            "total": 8.594181700493209,
                                            "count": 1673,
                                            "self": 8.594181700493209
                                        }
                                    }
                                },
                                "workers": {
                                    "total": 0.020274500246159732,
                                    "count": 1672,
                                    "self": 0.0,
                                    "children": {
                                        "worker_root": {
                                            "total": 50.06817419931758,
                                            "count": 1672,
                                            "is_parallel": true,
                                            "self": 15.12088580004638,
                                            "children": {
                                                "steps_from_proto": {
                                                    "total": 0.013995899993460625,
                                                    "count": 1,
                                                    "is_parallel": true,
                                                    "self": 0.00019920000340789557,
                                                    "children": {
                                                        "_process_maybe_compressed_observation": {
                                                            "total": 0.01379669999005273,
                                                            "count": 2,
                                                            "is_parallel": true,
                                                            "self": 0.00019490014528855681,
                                                            "children": {
                                                                "_observation_to_np_array": {
                                                                    "total": 0.013601799844764173,
                                                                    "count": 10,
                                                                    "is_parallel": true,
                                                                    "self": 0.00016339990543201566,
                                                                    "children": {
                                                                        "process_pixels": {
                                                                            "total": 0.013438399939332157,
                                                                            "count": 10,
                                                                            "is_parallel": true,
                                                                            "self": 0.0013394998968578875,
                                                                            "children": {
                                                                                "image_decompress": {
                                                                                    "total": 0.01209890004247427,
                                                                                    "count": 20,
                                                                                    "is_parallel": true,
                                                                                    "self": 0.01209890004247427
                                                                                }
                                                                            }
                                                                        }
                                                                    }
                                                                }
                                                            }
                                                        }
                                                    }
                                                },
                                                "UnityEnvironment.step": {
                                                    "total": 34.93329249927774,
                                                    "count": 1672,
                                                    "is_parallel": true,
                                                    "self": 0.12955629656789824,
                                                    "children": {
                                                        "UnityEnvironment._generate_step_input": {
                                                            "total": 0.20642710017273203,
                                                            "count": 1672,
                                                            "is_parallel": true,
                                                            "self": 0.20642710017273203
                                                        },
                                                        "communicator.exchange": {
                                                            "total": 30.750616700795945,
                                                            "count": 1672,
                                                            "is_parallel": true,
                                                            "self": 30.750616700795945
                                                        },
                                                        "steps_from_proto": {
                                                            "total": 3.8466924017411657,
                                                            "count": 1672,
                                                            "is_parallel": true,
                                                            "self": 0.22045880078803748,
                                                            "children": {
                                                                "_process_maybe_compressed_observation": {
                                                                    "total": 3.626233600953128,
                                                                    "count": 3344,
                                                                    "is_parallel": true,
                                                                    "self": 0.18563099525636062,
                                                                    "children": {
                                                                        "_observation_to_np_array": {
                                                                            "total": 3.4406026056967676,
                                                                            "count": 16730,
                                                                            "is_parallel": true,
                                                                            "self": 0.1727203048649244,
                                                                            "children": {
                                                                                "process_pixels": {
                                                                                    "total": 3.267882300831843,
                                                                                    "count": 16730,
                                                                                    "is_parallel": true,
                                                                                    "self": 1.4182883074972779,
                                                                                    "children": {
                                                                                        "image_decompress": {
                                                                                            "total": 1.8495939933345653,
                                                                                            "count": 33460,
                                                                                            "is_parallel": true,
                                                                                            "self": 1.8495939933345653
                                                                                        }
                                                                                    }
                                                                                }
                                                                            }
                                                                        }
                                                                    }
                                                                }
                                                            }
                                                        }
                                                    }
                                                }
                                            }
                                        }
                                    }
                                }
                            }
                        },
                        "trainer_advance": {
                            "total": 3.656818300310988,
                            "count": 1672,
                            "self": 0.0316991014406085,
                            "children": {
                                "process_trajectory": {
                                    "total": 1.487791598890908,
                                    "count": 1672,
                                    "self": 1.487791598890908
                                },
                                "_update_policy": {
                                    "total": 2.1373275999794714,
                                    "count": 1,
                                    "self": 0.9036009999108501,
                                    "children": {
                                        "TorchPPOOptimizer.update": {
                                            "total": 1.2337266000686213,
                                            "count": 30,
                                            "self": 1.2337266000686213
                                        }
                                    }
                                }
                            }
                        }
                    }
                },
                "trainer_threads": {
                    "total": 7.00005330145359e-07,
                    "count": 1,
                    "self": 7.00005330145359e-07
                },
                "TrainerController._save_models": {
                    "total": 0.13972999999532476,
                    "count": 1,
                    "self": 0.0014067000010982156,
                    "children": {
                        "RLTrainer._checkpoint": {
                            "total": 0.13832329999422655,
                            "count": 1,
                            "self": 0.13832329999422655
                        }
                    }
                }
            }
        }
    }
}