{
    "GridFoodCollector": {
        "checkpoints": [
            {
                "steps": 2000640,
                "file_path": "results\\FoodCollectorUno\\GridFoodCollector\\GridFoodCollector-2000640.onnx",
                "reward": null,
                "creation_time": 1740440076.050978,
                "auxillary_file_paths": [
                    "results\\FoodCollectorUno\\GridFoodCollector\\GridFoodCollector-2000640.pt"
                ]
            },
            {
                "steps": 0,
                "file_path": "results\\FoodCollectorUno\\GridFoodCollector\\GridFoodCollector-0.onnx",
                "reward": null,
                "creation_time": 1740440303.874625,
                "auxillary_file_paths": [
                    "results\\FoodCollectorUno\\GridFoodCollector\\GridFoodCollector-0.pt"
                ]
            },
            {
                "steps": 2000640,
                "file_path": "results\\FoodCollectorUno\\GridFoodCollector\\GridFoodCollector-2000640.onnx",
                "reward": null,
                "creation_time": 1740440407.9661422,
                "auxillary_file_paths": [
                    "results\\FoodCollectorUno\\GridFoodCollector\\GridFoodCollector-2000640.pt"
                ]
            },
            {
                "steps": 2076400,
                "file_path": "results\\FoodCollectorUno\\GridFoodCollector\\GridFoodCollector-2076400.onnx",
                "reward": null,
                "creation_time": 1740440780.132215,
                "auxillary_file_paths": [
                    "results\\FoodCollectorUno\\GridFoodCollector\\GridFoodCollector-2076400.pt"
                ]
            },
            {
                "steps": 2092800,
                "file_path": "results\\FoodCollectorUno\\GridFoodCollector\\GridFoodCollector-2092800.onnx",
                "reward": null,
                "creation_time": 1740441150.6541538,
                "auxillary_file_paths": [
                    "results\\FoodCollectorUno\\GridFoodCollector\\GridFoodCollector-2092800.pt"
                ]
            }
        ],
        "final_checkpoint": {
            "steps": 2092800,
            "file_path": "results\\FoodCollectorUno\\GridFoodCollector.onnx",
            "reward": null,
            "creation_time": 1740441150.6541538,
            "auxillary_file_paths": [
                "results\\FoodCollectorUno\\GridFoodCollector\\GridFoodCollector-2092800.pt"
            ]
        }
    },
    "metadata": {
        "stats_format_version": "0.3.0",
        "mlagents_version": "1.1.0",
        "torch_version": "2.2.2+cu121"
    }
}