{
    "name": "root",
    "gauges": {
        "3DBall.Policy.Entropy.mean": {
            "value": 1.2692700624465942,
            "min": 1.268223762512207,
            "max": 1.4189382791519165,
            "count": 41
        },
        "3DBall.Policy.Entropy.sum": {
            "value": 15231.240234375,
            "min": 13092.8984375,
            "max": 18919.63671875,
            "count": 41
        },
        "3DBall.Environment.EpisodeLength.mean": {
            "value": 999.0,
            "min": 21.457943925233646,
            "max": 999.0,
            "count": 41
        },
        "3DBall.Environment.EpisodeLength.sum": {
            "value": 11988.0,
            "min": 11042.0,
            "max": 12868.0,
            "count": 41
        },
        "3DBall.Step.mean": {
            "value": 491272.0,
            "min": 11994.0,
            "max": 491272.0,
            "count": 41
        },
        "3DBall.Step.sum": {
            "value": 491272.0,
            "min": 11994.0,
            "max": 491272.0,
            "count": 41
        },
        "3DBall.Policy.ExtrinsicValueEstimate.mean": {
            "value": 9.998747825622559,
            "min": -0.1809101402759552,
            "max": 10.01064395904541,
            "count": 41
        },
        "3DBall.Policy.ExtrinsicValueEstimate.sum": {
            "value": 119.98497009277344,
            "min": -96.60601806640625,
            "max": 232.18975830078125,
            "count": 41
        },
        "3DBall.Environment.CumulativeReward.mean": {
            "value": 100.00001525878906,
            "min": 1.1460673876023024,
            "max": 100.00001525878906,
            "count": 41
        },
        "3DBall.Environment.CumulativeReward.sum": {
            "value": 1200.0001831054688,
            "min": 611.9999849796295,
            "max": 1264.0001983642578,
            "count": 41
        },
        "3DBall.Policy.ExtrinsicReward.mean": {
            "value": 100.00001525878906,
            "min": 1.1460673876023024,
            "max": 100.00001525878906,
            "count": 41
        },
        "3DBall.Policy.ExtrinsicReward.sum": {
            "value": 1200.0001831054688,
            "min": 611.9999849796295,
            "max": 1264.0001983642578,
            "count": 41
        },
        "3DBall.IsTraining.mean": {
            "value": 1.0,
            "min": 1.0,
            "max": 1.0,
            "count": 41
        },
        "3DBall.IsTraining.sum": {
            "value": 1.0,
            "min": 1.0,
            "max": 1.0,
            "count": 41
        },
        "3DBall.Losses.PolicyLoss.mean": {
            "value": 0.09538170889674491,
            "min": 0.06893880693441168,
            "max": 0.10600732260332747,
            "count": 38
        },
        "3DBall.Losses.PolicyLoss.sum": {
            "value": 0.09538170889674491,
            "min": 0.06893880693441168,
            "max": 0.10600732260332747,
            "count": 38
        },
        "3DBall.Losses.ValueLoss.mean": {
            "value": 0.001143409023160797,
            "min": 0.0009656713407191147,
            "max": 2.8297706068830286,
            "count": 38
        },
        "3DBall.Losses.ValueLoss.sum": {
            "value": 0.001143409023160797,
            "min": 0.0009656713407191147,
            "max": 2.8297706068830286,
            "count": 38
        },
        "3DBall.Policy.LearningRate.mean": {
            "value": 1.0636896454400012e-05,
            "min": 1.0636896454400012e-05,
            "max": 0.000292791002403,
            "count": 38
        },
        "3DBall.Policy.LearningRate.sum": {
            "value": 1.0636896454400012e-05,
            "min": 1.0636896454400012e-05,
            "max": 0.000292791002403,
            "count": 38
        },
        "3DBall.Policy.Epsilon.mean": {
            "value": 0.10354560000000003,
            "min": 0.10354560000000003,
            "max": 0.19759700000000002,
            "count": 38
        },
        "3DBall.Policy.Epsilon.sum": {
            "value": 0.10354560000000003,
            "min": 0.10354560000000003,
            "max": 0.19759700000000002,
            "count": 38
        },
        "3DBall.Policy.Beta.mean": {
            "value": 4.5101440000000045e-05,
            "min": 4.5101440000000045e-05,
            "max": 0.0009762103000000001,
            "count": 38
        },
        "3DBall.Policy.Beta.sum": {
            "value": 4.5101440000000045e-05,
            "min": 4.5101440000000045e-05,
            "max": 0.0009762103000000001,
            "count": 38
        }
    },
    "metadata": {
        "timer_format_version": "0.1.0",
        "start_time_seconds": "1740155906",
        "python_version": "3.10.12 | packaged by conda-forge | (main, Jun 23 2023, 22:34:57) [MSC v.1936 64 bit (AMD64)]",
        "command_line_arguments": "C:\\Users\\QTM\\miniforge3\\envs\\mlagents\\Scripts\\mlagents-learn config/ppo/3DBall.yaml --run-id=first3DBallRun",
        "mlagents_version": "1.1.0",
        "mlagents_envs_version": "1.1.0",
        "communication_protocol_version": "1.5.0",
        "pytorch_version": "2.2.2+cu121",
        "numpy_version": "1.23.5",
        "end_time_seconds": "1740156451"
    },
    "total": 545.938001499977,
    "count": 1,
    "self": 0.008162299956893548,
    "children": {
        "run_training.setup": {
            "total": 0.10026860001380555,
            "count": 1,
            "self": 0.10026860001380555
        },
        "TrainerController.start_learning": {
            "total": 545.8295706000063,
            "count": 1,
            "self": 0.6102923032012768,
            "children": {
                "TrainerController._reset_env": {
                    "total": 48.588214899995364,
                    "count": 1,
                    "self": 48.588214899995364
                },
                "TrainerController.advance": {
                    "total": 496.58481029680115,
                    "count": 44062,
                    "self": 0.6031360969936941,
                    "children": {
                        "env_step": {
                            "total": 252.96592259933823,
                            "count": 44062,
                            "self": 163.96122549599386,
                            "children": {
                                "SubprocessEnvManager._take_step": {
                                    "total": 88.60957190219779,
                                    "count": 44062,
                                    "self": 2.012628502037842,
                                    "children": {
                                        "TorchPolicy.evaluate": {
                                            "total": 86.59694340015994,
                                            "count": 42269,
                                            "self": 86.59694340015994
                                        }
                                    }
                                },
                                "workers": {
                                    "total": 0.395125201146584,
                                    "count": 44062,
                                    "self": 0.0,
                                    "children": {
                                        "worker_root": {
                                            "total": 499.4207610017911,
                                            "count": 44062,
                                            "is_parallel": true,
                                            "self": 371.47182829960366,
                                            "children": {
                                                "steps_from_proto": {
                                                    "total": 0.0011329000117257237,
                                                    "count": 1,
                                                    "is_parallel": true,
                                                    "self": 9.340004180558026e-05,
                                                    "children": {
                                                        "_process_rank_one_or_two_observation": {
                                                            "total": 0.0010394999699201435,
                                                            "count": 2,
                                                            "is_parallel": true,
                                                            "self": 0.0010394999699201435
                                                        }
                                                    }
                                                },
                                                "UnityEnvironment.step": {
                                                    "total": 127.94779980217572,
                                                    "count": 44062,
                                                    "is_parallel": true,
                                                    "self": 3.0042395032651257,
                                                    "children": {
                                                        "UnityEnvironment._generate_step_input": {
                                                            "total": 5.007651101186639,
                                                            "count": 44062,
                                                            "is_parallel": true,
                                                            "self": 5.007651101186639
                                                        },
                                                        "communicator.exchange": {
                                                            "total": 113.5129512984422,
                                                            "count": 44062,
                                                            "is_parallel": true,
                                                            "self": 113.5129512984422
                                                        },
                                                        "steps_from_proto": {
                                                            "total": 6.422957899281755,
                                                            "count": 44062,
                                                            "is_parallel": true,
                                                            "self": 2.51242470156285,
                                                            "children": {
                                                                "_process_rank_one_or_two_observation": {
                                                                    "total": 3.9105331977189053,
                                                                    "count": 88124,
                                                                    "is_parallel": true,
                                                                    "self": 3.9105331977189053
                                                                }
                                                            }
                                                        }
                                                    }
                                                }
                                            }
                                        }
                                    }
                                }
                            }
                        },
                        "trainer_advance": {
                            "total": 243.01575160046923,
                            "count": 44062,
                            "self": 0.9678965979255736,
                            "children": {
                                "process_trajectory": {
                                    "total": 20.841358802397735,
                                    "count": 44062,
                                    "self": 20.709299402398756,
                                    "children": {
                                        "RLTrainer._checkpoint": {
                                            "total": 0.13205939999897964,
                                            "count": 1,
                                            "self": 0.13205939999897964
                                        }
                                    }
                                },
                                "_update_policy": {
                                    "total": 221.20649620014592,
                                    "count": 39,
                                    "self": 43.07427310239291,
                                    "children": {
                                        "TorchPPOOptimizer.update": {
                                            "total": 178.132223097753,
                                            "count": 23181,
                                            "self": 178.132223097753
                                        }
                                    }
                                }
                            }
                        }
                    }
                },
                "trainer_threads": {
                    "total": 7.00005330145359e-07,
                    "count": 1,
                    "self": 7.00005330145359e-07
                },
                "TrainerController._save_models": {
                    "total": 0.04625240000314079,
                    "count": 1,
                    "self": 0.0009043999889399856,
                    "children": {
                        "RLTrainer._checkpoint": {
                            "total": 0.04534800001420081,
                            "count": 1,
                            "self": 0.04534800001420081
                        }
                    }
                }
            }
        }
    }
}