{
    "3DBall": {
        "checkpoints": [
            {
                "steps": 499272,
                "file_path": "results\\first3DBallRun\\3DBall\\3DBall-499272.onnx",
                "reward": 100.00001525878906,
                "creation_time": 1740156451.904656,
                "auxillary_file_paths": [
                    "results\\first3DBallRun\\3DBall\\3DBall-499272.pt"
                ]
            },
            {
                "steps": 500272,
                "file_path": "results\\first3DBallRun\\3DBall\\3DBall-500272.onnx",
                "reward": 100.00001525878906,
                "creation_time": 1740156451.974722,
                "auxillary_file_paths": [
                    "results\\first3DBallRun\\3DBall\\3DBall-500272.pt"
                ]
            }
        ],
        "final_checkpoint": {
            "steps": 500272,
            "file_path": "results\\first3DBallRun\\3DBall.onnx",
            "reward": 100.00001525878906,
            "creation_time": 1740156451.974722,
            "auxillary_file_paths": [
                "results\\first3DBallRun\\3DBall\\3DBall-500272.pt"
            ]
        }
    },
    "metadata": {
        "stats_format_version": "0.3.0",
        "mlagents_version": "1.1.0",
        "torch_version": "2.2.2+cu121"
    }
}